{
  "project_info": {
    "project_number": "424244827947",
    "project_id": "medi-app-2ee6e",
    "storage_bucket": "medi-app-2ee6e.appspot.com"
  },
  "client": [
    {
      "client_info": {
        "mobilesdk_app_id": "1:424244827947:android:5ee14378d9ed04856f976e",
        "android_client_info": {
          "package_name": "com.example.medi_app"
        }
      },
      "oauth_client": [
        {
          "client_id": "424244827947-u7go7r3k998sr8qgrf0h74160uariuvt.apps.googleusercontent.com",
          "client_type": 3
        }
      ],
      "api_key": [
        {
          "current_key": "AIzaSyBRRT7dhsvPickU_CUmhBZVCn__tntWlKU"
        }
      ],
      "services": {
        "appinvite_service": {
          "other_platform_oauth_client": [
            {
              "client_id": "424244827947-u7go7r3k998sr8qgrf0h74160uariuvt.apps.googleusercontent.com",
              "client_type": 3
            }
          ]
        }
      }
    }
  ],
  "configuration_version": "1"
}